rss,cr,x,y,method,r,n
2.0,all,expansion_speed_proxy_equator_mean,speed_mean,spearman,-0.07293334055773291,214
2.0,all,expansion_speed_proxy_equator_mean,speed_mean,pearson,-0.008368390173535224,214
2.0,all,expansion_speed_proxy_equator_mean,bmag_mean,spearman,0.25668708170823884,214
2.0,all,expansion_speed_proxy_equator_mean,bmag_mean,pearson,0.20493238163885577,214
2.0,all,expansion_speed_proxy_equator_mean,density_mean,spearman,0.24544824776251498,214
2.0,all,expansion_speed_proxy_equator_mean,density_mean,pearson,0.1704299403408607,214
2.0,all,expansion_speed_proxy_equator_mean,pdyn_mean,spearman,0.21068353174906865,214
2.0,all,expansion_speed_proxy_equator_mean,pdyn_mean,pearson,0.1072418720222584,214
2.0,all,expansion_speed_proxy_equator_mean,ma_mean,spearman,-0.14572276082051974,214
2.0,all,expansion_speed_proxy_equator_mean,ma_mean,pearson,-0.07622365130122186,214
2.0,all,expansion_speed_proxy_midlat_mean,speed_mean,spearman,-0.05855924112004129,214
2.0,all,expansion_speed_proxy_midlat_mean,speed_mean,pearson,-0.009406500037865188,214
2.0,all,expansion_speed_proxy_midlat_mean,bmag_mean,spearman,0.24846106586170913,214
2.0,all,expansion_speed_proxy_midlat_mean,bmag_mean,pearson,0.16057642521756205,214
2.0,all,expansion_speed_proxy_midlat_mean,density_mean,spearman,0.21498639762526534,214
2.0,all,expansion_speed_proxy_midlat_mean,density_mean,pearson,0.1080118548163017,214
2.0,all,expansion_speed_proxy_midlat_mean,pdyn_mean,spearman,0.23115917850069334,214
2.0,all,expansion_speed_proxy_midlat_mean,pdyn_mean,pearson,0.028999823887312155,214
2.0,all,expansion_speed_proxy_midlat_mean,ma_mean,spearman,-0.12164348840270486,214
2.0,all,expansion_speed_proxy_midlat_mean,ma_mean,pearson,-0.13716608392310337,214
2.0,all,expansion_speed_proxy_global_mean,speed_mean,spearman,-0.1410447027880419,214
2.0,all,expansion_speed_proxy_global_mean,speed_mean,pearson,-0.06160168070077923,214
2.0,all,expansion_speed_proxy_global_mean,bmag_mean,spearman,0.2462692575310619,214
2.0,all,expansion_speed_proxy_global_mean,bmag_mean,pearson,0.1390216519582393,214
2.0,all,expansion_speed_proxy_global_mean,density_mean,spearman,0.1803674585033523,214
2.0,all,expansion_speed_proxy_global_mean,density_mean,pearson,0.09034753415553613,214
2.0,all,expansion_speed_proxy_global_mean,pdyn_mean,spearman,0.1553116132132941,214
2.0,all,expansion_speed_proxy_global_mean,pdyn_mean,pearson,-0.02663214968571671,214
2.0,all,expansion_speed_proxy_global_mean,ma_mean,spearman,-0.1651000547951915,214
2.0,all,expansion_speed_proxy_global_mean,ma_mean,pearson,-0.14662472616059777,214
2.0,all,radial_expansion_proxy_equator_mean,speed_mean,spearman,0.08779478061866344,214
2.0,all,radial_expansion_proxy_equator_mean,speed_mean,pearson,0.03956576019389092,214
2.0,all,radial_expansion_proxy_equator_mean,bmag_mean,spearman,-0.2599019380055094,214
2.0,all,radial_expansion_proxy_equator_mean,bmag_mean,pearson,-0.07078013711563548,214
2.0,all,radial_expansion_proxy_equator_mean,density_mean,spearman,-0.2690750844351429,214
2.0,all,radial_expansion_proxy_equator_mean,density_mean,pearson,-0.13007801462886506,214
2.0,all,radial_expansion_proxy_equator_mean,pdyn_mean,spearman,-0.22117482115033169,214
2.0,all,radial_expansion_proxy_equator_mean,pdyn_mean,pearson,-0.07261244532953166,214
2.0,all,radial_expansion_proxy_equator_mean,ma_mean,spearman,0.14766110245476335,214
2.0,all,radial_expansion_proxy_equator_mean,ma_mean,pearson,-0.02346732109341509,214
2.0,all,radial_expansion_proxy_midlat_mean,speed_mean,spearman,0.05868291298674261,214
2.0,all,radial_expansion_proxy_midlat_mean,speed_mean,pearson,0.05685796531244232,214
2.0,all,radial_expansion_proxy_midlat_mean,bmag_mean,spearman,-0.2319153619131779,214
2.0,all,radial_expansion_proxy_midlat_mean,bmag_mean,pearson,-0.11711401006204858,214
2.0,all,radial_expansion_proxy_midlat_mean,density_mean,spearman,-0.22286772406113742,214
2.0,all,radial_expansion_proxy_midlat_mean,density_mean,pearson,-0.08542233834177206,214
2.0,all,radial_expansion_proxy_midlat_mean,pdyn_mean,spearman,-0.23734399441640058,214
2.0,all,radial_expansion_proxy_midlat_mean,pdyn_mean,pearson,-0.026832877861149223,214
2.0,all,radial_expansion_proxy_midlat_mean,ma_mean,spearman,0.10297516461516326,214
2.0,all,radial_expansion_proxy_midlat_mean,ma_mean,pearson,0.09967703578252705,214
2.0,all,radial_expansion_proxy_global_mean,speed_mean,spearman,0.13729291467345914,214
2.0,all,radial_expansion_proxy_global_mean,speed_mean,pearson,0.08538548649120369,214
2.0,all,radial_expansion_proxy_global_mean,bmag_mean,spearman,-0.24185258007371854,214
2.0,all,radial_expansion_proxy_global_mean,bmag_mean,pearson,-0.10063589774388795,214
2.0,all,radial_expansion_proxy_global_mean,density_mean,spearman,-0.1777434108762143,214
2.0,all,radial_expansion_proxy_global_mean,density_mean,pearson,-0.054437283983009836,214
2.0,all,radial_expansion_proxy_global_mean,pdyn_mean,spearman,-0.15422183175121146,214
2.0,all,radial_expansion_proxy_global_mean,pdyn_mean,pearson,0.0592061098322817,214
2.0,all,radial_expansion_proxy_global_mean,ma_mean,spearman,0.1639172133430883,214
2.0,all,radial_expansion_proxy_global_mean,ma_mean,pearson,0.12974520120088395,214
2.0,2281,expansion_speed_proxy_equator_mean,speed_mean,spearman,-0.3521235521235521,36
2.0,2281,expansion_speed_proxy_equator_mean,bmag_mean,spearman,0.2612780750632069,36
2.0,2281,expansion_speed_proxy_midlat_mean,speed_mean,spearman,-0.04504504504504505,36
2.0,2281,expansion_speed_proxy_midlat_mean,bmag_mean,spearman,0.33721603776630643,36
2.0,2281,expansion_speed_proxy_global_mean,speed_mean,spearman,-0.07052767052767053,36
2.0,2281,expansion_speed_proxy_global_mean,bmag_mean,spearman,0.31855331811893445,36
2.0,2281,radial_expansion_proxy_equator_mean,speed_mean,spearman,0.32664092664092664,36
2.0,2281,radial_expansion_proxy_equator_mean,bmag_mean,spearman,-0.2763369591924656,36
2.0,2281,radial_expansion_proxy_midlat_mean,speed_mean,spearman,0.047361647361647365,36
2.0,2281,radial_expansion_proxy_midlat_mean,bmag_mean,spearman,-0.3495720452569802,36
2.0,2281,radial_expansion_proxy_global_mean,speed_mean,spearman,0.08133848133848134,36
2.0,2281,radial_expansion_proxy_global_mean,bmag_mean,spearman,-0.32936482467327405,36
2.0,2283,expansion_speed_proxy_equator_mean,speed_mean,spearman,-0.010296010296010296,36
2.0,2283,expansion_speed_proxy_equator_mean,bmag_mean,spearman,0.37863577863577863,36
2.0,2283,expansion_speed_proxy_midlat_mean,speed_mean,spearman,-0.00025740025740025744,36
2.0,2283,expansion_speed_proxy_midlat_mean,bmag_mean,spearman,0.39047619047619053,36
2.0,2283,expansion_speed_proxy_global_mean,speed_mean,spearman,-0.11119691119691119,36
2.0,2283,expansion_speed_proxy_global_mean,bmag_mean,spearman,0.43577863577863574,36
2.0,2283,radial_expansion_proxy_equator_mean,speed_mean,spearman,0.007722007722007722,36
2.0,2283,radial_expansion_proxy_equator_mean,bmag_mean,spearman,-0.35469755469755476,36
2.0,2283,radial_expansion_proxy_midlat_mean,speed_mean,spearman,-0.08648648648648649,36
2.0,2283,radial_expansion_proxy_midlat_mean,bmag_mean,spearman,-0.3693693693693694,36
2.0,2283,radial_expansion_proxy_global_mean,speed_mean,spearman,0.09240669240669241,36
2.0,2283,radial_expansion_proxy_global_mean,bmag_mean,spearman,-0.4285714285714286,36
2.0,2284,expansion_speed_proxy_equator_mean,speed_mean,spearman,0.03423423423423424,36
2.0,2284,expansion_speed_proxy_equator_mean,bmag_mean,spearman,0.2818532818532819,36
2.0,2284,expansion_speed_proxy_midlat_mean,speed_mean,spearman,0.16911196911196916,36
2.0,2284,expansion_speed_proxy_midlat_mean,bmag_mean,spearman,0.380952380952381,36
2.0,2284,expansion_speed_proxy_global_mean,speed_mean,spearman,0.015444015444015444,36
2.0,2284,expansion_speed_proxy_global_mean,bmag_mean,spearman,0.338996138996139,36
2.0,2284,radial_expansion_proxy_equator_mean,speed_mean,spearman,0.023938223938223938,36
2.0,2284,radial_expansion_proxy_equator_mean,bmag_mean,spearman,-0.1994851994851995,36
2.0,2284,radial_expansion_proxy_midlat_mean,speed_mean,spearman,-0.14182754182754184,36
2.0,2284,radial_expansion_proxy_midlat_mean,bmag_mean,spearman,-0.3485199485199485,36
2.0,2284,radial_expansion_proxy_global_mean,speed_mean,spearman,0.014671814671814673,36
2.0,2284,radial_expansion_proxy_global_mean,bmag_mean,spearman,-0.32741312741312745,36
2.0,2286,expansion_speed_proxy_equator_mean,speed_mean,spearman,-0.15303430110844973,36
2.0,2286,expansion_speed_proxy_equator_mean,bmag_mean,spearman,0.4862290862290863,36
2.0,2286,expansion_speed_proxy_midlat_mean,speed_mean,spearman,0.006178003745336912,36
2.0,2286,expansion_speed_proxy_midlat_mean,bmag_mean,spearman,0.4831402831402832,36
2.0,2286,expansion_speed_proxy_global_mean,speed_mean,spearman,-0.35420554806598287,36
2.0,2286,expansion_speed_proxy_global_mean,bmag_mean,spearman,0.32689832689832693,36
2.0,2286,radial_expansion_proxy_equator_mean,speed_mean,spearman,0.2206062170730722,36
2.0,2286,radial_expansion_proxy_equator_mean,bmag_mean,spearman,-0.5431145431145432,36
2.0,2286,radial_expansion_proxy_midlat_mean,speed_mean,spearman,-0.021108179463234445,36
2.0,2286,radial_expansion_proxy_midlat_mean,bmag_mean,spearman,-0.4702702702702703,36
2.0,2286,radial_expansion_proxy_global_mean,speed_mean,spearman,0.35587875741367836,36
2.0,2286,radial_expansion_proxy_global_mean,bmag_mean,spearman,-0.35083655083655085,36
2.0,2287,expansion_speed_proxy_equator_mean,speed_mean,spearman,0.07746371275783039,34
2.0,2287,expansion_speed_proxy_equator_mean,bmag_mean,spearman,0.10802139037433155,34
2.0,2287,expansion_speed_proxy_midlat_mean,speed_mean,spearman,-0.11963330786860198,34
2.0,2287,expansion_speed_proxy_midlat_mean,bmag_mean,spearman,-0.08724216959511077,34
2.0,2287,expansion_speed_proxy_global_mean,speed_mean,spearman,-0.10557677616501145,34
2.0,2287,expansion_speed_proxy_global_mean,bmag_mean,spearman,0.08999236058059586,34
2.0,2287,radial_expansion_proxy_equator_mean,speed_mean,spearman,-0.05546218487394957,34
2.0,2287,radial_expansion_proxy_equator_mean,bmag_mean,spearman,-0.13460656990068756,34
2.0,2287,radial_expansion_proxy_midlat_mean,speed_mean,spearman,0.1016042780748663,34
2.0,2287,radial_expansion_proxy_midlat_mean,bmag_mean,spearman,0.04201680672268907,34
2.0,2287,radial_expansion_proxy_global_mean,speed_mean,spearman,0.10404889228418639,34
2.0,2287,radial_expansion_proxy_global_mean,bmag_mean,spearman,-0.09427043544690604,34
2.0,2290,expansion_speed_proxy_equator_mean,speed_mean,spearman,-0.22213642213642215,36
2.0,2290,expansion_speed_proxy_equator_mean,bmag_mean,spearman,0.07670527670527671,36
2.0,2290,expansion_speed_proxy_midlat_mean,speed_mean,spearman,-0.4478764478764479,36
2.0,2290,expansion_speed_proxy_midlat_mean,bmag_mean,spearman,0.11377091377091379,36
2.0,2290,expansion_speed_proxy_global_mean,speed_mean,spearman,-0.2751608751608752,36
2.0,2290,expansion_speed_proxy_global_mean,bmag_mean,spearman,0.1552123552123552,36
2.0,2290,radial_expansion_proxy_equator_mean,speed_mean,spearman,0.20514800514800519,36
2.0,2290,radial_expansion_proxy_equator_mean,bmag_mean,spearman,-0.07567567567567568,36
2.0,2290,radial_expansion_proxy_midlat_mean,speed_mean,spearman,0.4442728442728443,36
2.0,2290,radial_expansion_proxy_midlat_mean,bmag_mean,spearman,-0.10373230373230374,36
2.0,2290,radial_expansion_proxy_global_mean,speed_mean,spearman,0.2787644787644788,36
2.0,2290,radial_expansion_proxy_global_mean,bmag_mean,spearman,-0.15752895752895751,36
2.5,all,expansion_speed_proxy_equator_mean,speed_mean,spearman,-0.0380505389523714,214
2.5,all,expansion_speed_proxy_equator_mean,speed_mean,pearson,0.03292684829055715,214
2.5,all,expansion_speed_proxy_equator_mean,bmag_mean,spearman,0.22963967711848074,214
2.5,all,expansion_speed_proxy_equator_mean,bmag_mean,pearson,0.19262683991298202,214
2.5,all,expansion_speed_proxy_equator_mean,density_mean,spearman,0.17777090712061983,214
2.5,all,expansion_speed_proxy_equator_mean,density_mean,pearson,0.10262245728901064,214
2.5,all,expansion_speed_proxy_equator_mean,pdyn_mean,spearman,0.15965114748477827,214
2.5,all,expansion_speed_proxy_equator_mean,pdyn_mean,pearson,0.08080045305964241,214
2.5,all,expansion_speed_proxy_equator_mean,ma_mean,spearman,-0.15409081308105096,214
2.5,all,expansion_speed_proxy_equator_mean,ma_mean,pearson,-0.12064155071360615,214
2.5,all,expansion_speed_proxy_midlat_mean,speed_mean,spearman,-0.048548569385457686,214
2.5,all,expansion_speed_proxy_midlat_mean,speed_mean,pearson,0.017944251450591187,214
2.5,all,expansion_speed_proxy_midlat_mean,bmag_mean,spearman,0.2184130879120342,214
2.5,all,expansion_speed_proxy_midlat_mean,bmag_mean,pearson,0.151114662188431,214
2.5,all,expansion_speed_proxy_midlat_mean,density_mean,spearman,0.17476115112758708,214
2.5,all,expansion_speed_proxy_midlat_mean,density_mean,pearson,0.07739940560509906,214
2.5,all,expansion_speed_proxy_midlat_mean,pdyn_mean,spearman,0.1888940248751802,214
2.5,all,expansion_speed_proxy_midlat_mean,pdyn_mean,pearson,0.021860750973156685,214
2.5,all,expansion_speed_proxy_midlat_mean,ma_mean,spearman,-0.1248393643757787,214
2.5,all,expansion_speed_proxy_midlat_mean,ma_mean,pearson,-0.16215684171381922,214
2.5,all,expansion_speed_proxy_global_mean,speed_mean,spearman,-0.12703186204585099,214
2.5,all,expansion_speed_proxy_global_mean,speed_mean,pearson,-0.04610585674610017,214
2.5,all,expansion_speed_proxy_global_mean,bmag_mean,spearman,0.21759330261741502,214
2.5,all,expansion_speed_proxy_global_mean,bmag_mean,pearson,0.1342663678434353,214
2.5,all,expansion_speed_proxy_global_mean,density_mean,spearman,0.14455216410394553,214
2.5,all,expansion_speed_proxy_global_mean,density_mean,pearson,0.07778173207798111,214
2.5,all,expansion_speed_proxy_global_mean,pdyn_mean,spearman,0.11881005660128997,214
2.5,all,expansion_speed_proxy_global_mean,pdyn_mean,pearson,-0.02270167692324238,214
2.5,all,expansion_speed_proxy_global_mean,ma_mean,spearman,-0.17165955961808668,214
2.5,all,expansion_speed_proxy_global_mean,ma_mean,pearson,-0.16768863651636437,214
2.5,all,radial_expansion_proxy_equator_mean,speed_mean,spearman,0.045611667770742874,214
2.5,all,radial_expansion_proxy_equator_mean,speed_mean,pearson,-0.013778349214207898,214
2.5,all,radial_expansion_proxy_equator_mean,bmag_mean,spearman,-0.23289249210751115,214
2.5,all,radial_expansion_proxy_equator_mean,bmag_mean,pearson,-0.14007896143537454,214
2.5,all,radial_expansion_proxy_equator_mean,density_mean,spearman,-0.19503843316364167,214
2.5,all,radial_expansion_proxy_equator_mean,density_mean,pearson,-0.0839398764873647,214
2.5,all,radial_expansion_proxy_equator_mean,pdyn_mean,spearman,-0.1662510599349192,214
2.5,all,radial_expansion_proxy_equator_mean,pdyn_mean,pearson,-0.060704949135043595,214
2.5,all,radial_expansion_proxy_equator_mean,ma_mean,spearman,0.15770668348277012,214
2.5,all,radial_expansion_proxy_equator_mean,ma_mean,pearson,0.05164331780029326,214
2.5,all,radial_expansion_proxy_midlat_mean,speed_mean,spearman,0.04425372576919243,214
2.5,all,radial_expansion_proxy_midlat_mean,speed_mean,pearson,0.002461169323134163,214
2.5,all,radial_expansion_proxy_midlat_mean,bmag_mean,spearman,-0.20958830431484163,214
2.5,all,radial_expansion_proxy_midlat_mean,bmag_mean,pearson,-0.1285656973779905,214
2.5,all,radial_expansion_proxy_midlat_mean,density_mean,spearman,-0.175635425244359,214
2.5,all,radial_expansion_proxy_midlat_mean,density_mean,pearson,-0.07350026067490979,214
2.5,all,radial_expansion_proxy_midlat_mean,pdyn_mean,spearman,-0.19049686075592873,214
2.5,all,radial_expansion_proxy_midlat_mean,pdyn_mean,pearson,-0.03797148031871347,214
2.5,all,radial_expansion_proxy_midlat_mean,ma_mean,spearman,0.11743864622203991,214
2.5,all,radial_expansion_proxy_midlat_mean,ma_mean,pearson,0.12222495282865621,214
2.5,all,radial_expansion_proxy_global_mean,speed_mean,spearman,0.12047112873267943,214
2.5,all,radial_expansion_proxy_global_mean,speed_mean,pearson,0.0502160152914166,214
2.5,all,radial_expansion_proxy_global_mean,bmag_mean,spearman,-0.21497966301866278,214
2.5,all,radial_expansion_proxy_global_mean,bmag_mean,pearson,-0.11105742336531252,214
2.5,all,radial_expansion_proxy_global_mean,density_mean,spearman,-0.1413415944482369,214
2.5,all,radial_expansion_proxy_global_mean,density_mean,pearson,-0.06429087892788946,214
2.5,all,radial_expansion_proxy_global_mean,pdyn_mean,spearman,-0.1190782163093755,214
2.5,all,radial_expansion_proxy_global_mean,pdyn_mean,pearson,0.022316247768007932,214
2.5,all,radial_expansion_proxy_global_mean,ma_mean,spearman,0.16924489777176424,214
2.5,all,radial_expansion_proxy_global_mean,ma_mean,pearson,0.1458753208155494,214
2.5,2281,expansion_speed_proxy_equator_mean,speed_mean,spearman,-0.24118404118404121,36
2.5,2281,expansion_speed_proxy_equator_mean,bmag_mean,spearman,0.2732479573197971,36
2.5,2281,expansion_speed_proxy_midlat_mean,speed_mean,spearman,-0.029343629343629347,36
2.5,2281,expansion_speed_proxy_midlat_mean,bmag_mean,spearman,0.2968015965988941,36
2.5,2281,expansion_speed_proxy_global_mean,speed_mean,spearman,-0.04504504504504505,36
2.5,2281,expansion_speed_proxy_global_mean,bmag_mean,spearman,0.2569019890769265,36
2.5,2281,radial_expansion_proxy_equator_mean,speed_mean,spearman,0.2102960102960103,36
2.5,2281,radial_expansion_proxy_equator_mean,bmag_mean,spearman,-0.2706737890925734,36
2.5,2281,radial_expansion_proxy_midlat_mean,speed_mean,spearman,0.023680823680823682,36
2.5,2281,radial_expansion_proxy_midlat_mean,bmag_mean,spearman,-0.2959006377193658,36
2.5,2281,radial_expansion_proxy_global_mean,speed_mean,spearman,0.025997425997425997,36
2.5,2281,radial_expansion_proxy_global_mean,bmag_mean,spearman,-0.2499517348634225,36
2.5,2283,expansion_speed_proxy_equator_mean,speed_mean,spearman,-0.0913770913770914,36
2.5,2283,expansion_speed_proxy_equator_mean,bmag_mean,spearman,0.24736164736164734,36
2.5,2283,expansion_speed_proxy_midlat_mean,speed_mean,spearman,-0.09884169884169886,36
2.5,2283,expansion_speed_proxy_midlat_mean,bmag_mean,spearman,0.30347490347490347,36
2.5,2283,expansion_speed_proxy_global_mean,speed_mean,spearman,-0.19716859716859722,36
2.5,2283,expansion_speed_proxy_global_mean,bmag_mean,spearman,0.39613899613899617,36
2.5,2283,radial_expansion_proxy_equator_mean,speed_mean,spearman,0.06743886743886744,36
2.5,2283,radial_expansion_proxy_equator_mean,bmag_mean,spearman,-0.25199485199485205,36
2.5,2283,radial_expansion_proxy_midlat_mean,speed_mean,spearman,0.0036036036036036037,36
2.5,2283,radial_expansion_proxy_midlat_mean,bmag_mean,spearman,-0.27979407979407983,36
2.5,2283,radial_expansion_proxy_global_mean,speed_mean,spearman,0.1945945945945946,36
2.5,2283,radial_expansion_proxy_global_mean,bmag_mean,spearman,-0.41235521235521244,36
2.5,2284,expansion_speed_proxy_equator_mean,speed_mean,spearman,0.047361647361647365,36
2.5,2284,expansion_speed_proxy_equator_mean,bmag_mean,spearman,0.35263835263835264,36
2.5,2284,expansion_speed_proxy_midlat_mean,speed_mean,spearman,0.24684684684684685,36
2.5,2284,expansion_speed_proxy_midlat_mean,bmag_mean,spearman,0.49395109395109404,36
2.5,2284,expansion_speed_proxy_global_mean,speed_mean,spearman,0.05997425997425997,36
2.5,2284,expansion_speed_proxy_global_mean,bmag_mean,spearman,0.42393822393822395,36
2.5,2284,radial_expansion_proxy_equator_mean,speed_mean,spearman,-0.013384813384813388,36
2.5,2284,radial_expansion_proxy_equator_mean,bmag_mean,spearman,-0.3438867438867439,36
2.5,2284,radial_expansion_proxy_midlat_mean,speed_mean,spearman,-0.21184041184041183,36
2.5,2284,radial_expansion_proxy_midlat_mean,bmag_mean,spearman,-0.4710424710424711,36
2.5,2284,radial_expansion_proxy_global_mean,speed_mean,spearman,-0.0362934362934363,36
2.5,2284,radial_expansion_proxy_global_mean,bmag_mean,spearman,-0.4023166023166024,36
2.5,2286,expansion_speed_proxy_equator_mean,speed_mean,spearman,-0.12394620014082178,36
2.5,2286,expansion_speed_proxy_equator_mean,bmag_mean,spearman,0.4718146718146718,36
2.5,2286,expansion_speed_proxy_midlat_mean,speed_mean,spearman,0.03024647666987863,36
2.5,2286,expansion_speed_proxy_midlat_mean,bmag_mean,spearman,0.4247104247104247,36
2.5,2286,expansion_speed_proxy_global_mean,speed_mean,spearman,-0.3261471143892444,36
2.5,2286,expansion_speed_proxy_global_mean,bmag_mean,spearman,0.30373230373230375,36
2.5,2286,radial_expansion_proxy_equator_mean,speed_mean,spearman,0.17221185440126638,36
2.5,2286,radial_expansion_proxy_equator_mean,bmag_mean,spearman,-0.49678249678249686,36
2.5,2286,radial_expansion_proxy_midlat_mean,speed_mean,spearman,-0.020593345817789703,36
2.5,2286,radial_expansion_proxy_midlat_mean,bmag_mean,spearman,-0.39021879021879025,36
2.5,2286,radial_expansion_proxy_global_mean,speed_mean,spearman,0.3347705779504439,36
2.5,2286,radial_expansion_proxy_global_mean,bmag_mean,spearman,-0.30321750321750324,36
2.5,2287,expansion_speed_proxy_equator_mean,speed_mean,spearman,-0.0615737203972498,34
2.5,2287,expansion_speed_proxy_equator_mean,bmag_mean,spearman,0.011153552330022918,34
2.5,2287,expansion_speed_proxy_midlat_mean,speed_mean,spearman,-0.2381970970206264,34
2.5,2287,expansion_speed_proxy_midlat_mean,bmag_mean,spearman,-0.16149732620320856,34
2.5,2287,expansion_speed_proxy_global_mean,speed_mean,spearman,-0.18197097020626432,34
2.5,2287,expansion_speed_proxy_global_mean,bmag_mean,spearman,0.02796027501909855,34
2.5,2287,radial_expansion_proxy_equator_mean,speed_mean,spearman,0.08754774637127577,34
2.5,2287,radial_expansion_proxy_equator_mean,bmag_mean,spearman,-0.022459893048128343,34
2.5,2287,radial_expansion_proxy_midlat_mean,speed_mean,spearman,0.20977845683728039,34
2.5,2287,radial_expansion_proxy_midlat_mean,bmag_mean,spearman,0.1654698242933537,34
2.5,2287,radial_expansion_proxy_global_mean,speed_mean,spearman,0.16730328495034374,34
2.5,2287,radial_expansion_proxy_global_mean,bmag_mean,spearman,-0.04690603514132925,34
2.5,2290,expansion_speed_proxy_equator_mean,speed_mean,spearman,-0.05083982248766832,36
2.5,2290,expansion_speed_proxy_equator_mean,bmag_mean,spearman,0.09909909909909911,36
2.5,2290,expansion_speed_proxy_midlat_mean,speed_mean,spearman,-0.4251238827259962,36
2.5,2290,expansion_speed_proxy_midlat_mean,bmag_mean,spearman,0.08828828828828829,36
2.5,2290,expansion_speed_proxy_global_mean,speed_mean,spearman,-0.2161014226754307,36
2.5,2290,expansion_speed_proxy_global_mean,bmag_mean,spearman,0.1588159588159588,36
2.5,2290,radial_expansion_proxy_equator_mean,speed_mean,spearman,-0.0024454598158625274,36
2.5,2290,radial_expansion_proxy_equator_mean,bmag_mean,spearman,-0.10682110682110685,36
2.5,2290,radial_expansion_proxy_midlat_mean,speed_mean,spearman,0.4443014360188128,36
2.5,2290,radial_expansion_proxy_midlat_mean,bmag_mean,spearman,-0.09703989703989704,36
2.5,2290,radial_expansion_proxy_global_mean,speed_mean,spearman,0.21288371239140108,36
2.5,2290,radial_expansion_proxy_global_mean,bmag_mean,spearman,-0.15032175032175035,36
3.0,all,expansion_speed_proxy_equator_mean,speed_mean,spearman,-0.05253424932204583,214
3.0,all,expansion_speed_proxy_equator_mean,speed_mean,pearson,0.0107512702875253,214
3.0,all,expansion_speed_proxy_equator_mean,bmag_mean,spearman,0.16851148969804955,214
3.0,all,expansion_speed_proxy_equator_mean,bmag_mean,pearson,0.14548671895287857,214
3.0,all,expansion_speed_proxy_equator_mean,density_mean,spearman,0.13338863872213938,214
3.0,all,expansion_speed_proxy_equator_mean,density_mean,pearson,0.07219844497824622,214
3.0,all,expansion_speed_proxy_equator_mean,pdyn_mean,spearman,0.11133587003437709,214
3.0,all,expansion_speed_proxy_equator_mean,pdyn_mean,pearson,0.051119318051413176,214
3.0,all,expansion_speed_proxy_equator_mean,ma_mean,spearman,-0.1270874978189065,214
3.0,all,expansion_speed_proxy_equator_mean,ma_mean,pearson,-0.10662170316547805,214
3.0,all,expansion_speed_proxy_midlat_mean,speed_mean,spearman,-0.05799540638327217,214
3.0,all,expansion_speed_proxy_midlat_mean,speed_mean,pearson,0.0003933379486897158,214
3.0,all,expansion_speed_proxy_midlat_mean,bmag_mean,spearman,0.17263123222791696,214
3.0,all,expansion_speed_proxy_midlat_mean,bmag_mean,pearson,0.1242633061000705,214
3.0,all,expansion_speed_proxy_midlat_mean,density_mean,spearman,0.1483602768534703,214
3.0,all,expansion_speed_proxy_midlat_mean,density_mean,pearson,0.0669891907579304,214
3.0,all,expansion_speed_proxy_midlat_mean,pdyn_mean,spearman,0.1503586176918061,214
3.0,all,expansion_speed_proxy_midlat_mean,pdyn_mean,pearson,0.01255896822088518,214
3.0,all,expansion_speed_proxy_midlat_mean,ma_mean,spearman,-0.10228945942553823,214
3.0,all,expansion_speed_proxy_midlat_mean,ma_mean,pearson,-0.14410618735570013,214
3.0,all,expansion_speed_proxy_global_mean,speed_mean,spearman,-0.13043410382387513,214
3.0,all,expansion_speed_proxy_global_mean,speed_mean,pearson,-0.05519659985848152,214
3.0,all,expansion_speed_proxy_global_mean,bmag_mean,spearman,0.18226355638045136,214
3.0,all,expansion_speed_proxy_global_mean,bmag_mean,pearson,0.11697748926309327,214
3.0,all,expansion_speed_proxy_global_mean,density_mean,spearman,0.13237967251454827,214
3.0,all,expansion_speed_proxy_global_mean,density_mean,pearson,0.0735256791760474,214
3.0,all,expansion_speed_proxy_global_mean,pdyn_mean,spearman,0.09800380199038175,214
3.0,all,expansion_speed_proxy_global_mean,pdyn_mean,pearson,-0.024107454840266017,214
3.0,all,expansion_speed_proxy_global_mean,ma_mean,spearman,-0.14391788680354242,214
3.0,all,expansion_speed_proxy_global_mean,ma_mean,pearson,-0.14834523749656944,214
3.0,all,radial_expansion_proxy_equator_mean,speed_mean,spearman,0.06882649714225819,214
3.0,all,radial_expansion_proxy_equator_mean,speed_mean,pearson,0.05134948905953145,214
3.0,all,radial_expansion_proxy_equator_mean,bmag_mean,spearman,-0.17518732155206565,214
3.0,all,radial_expansion_proxy_equator_mean,bmag_mean,pearson,-0.0732786380229815,214
3.0,all,radial_expansion_proxy_equator_mean,density_mean,spearman,-0.1526043021878281,214
3.0,all,radial_expansion_proxy_equator_mean,density_mean,pearson,-0.033776932591626646,214
3.0,all,radial_expansion_proxy_equator_mean,pdyn_mean,spearman,-0.11689865338521019,214
3.0,all,radial_expansion_proxy_equator_mean,pdyn_mean,pearson,0.011426197727310421,214
3.0,all,radial_expansion_proxy_equator_mean,ma_mean,spearman,0.13412087390677468,214
3.0,all,radial_expansion_proxy_equator_mean,ma_mean,pearson,0.04147297688118869,214
3.0,all,radial_expansion_proxy_midlat_mean,speed_mean,spearman,0.053827294581385514,214
3.0,all,radial_expansion_proxy_midlat_mean,speed_mean,pearson,0.02062633512187729,214
3.0,all,radial_expansion_proxy_midlat_mean,bmag_mean,spearman,-0.16159321200634177,214
3.0,all,radial_expansion_proxy_midlat_mean,bmag_mean,pearson,-0.1099074731046674,214
3.0,all,radial_expansion_proxy_midlat_mean,density_mean,spearman,-0.14681254228260238,214
3.0,all,radial_expansion_proxy_midlat_mean,density_mean,pearson,-0.09594528286843755,214
3.0,all,radial_expansion_proxy_midlat_mean,pdyn_mean,spearman,-0.14950638409898645,214
3.0,all,radial_expansion_proxy_midlat_mean,pdyn_mean,pearson,-0.04454323517928113,214
3.0,all,radial_expansion_proxy_midlat_mean,ma_mean,spearman,0.09266019940551809,214
3.0,all,radial_expansion_proxy_midlat_mean,ma_mean,pearson,0.08635489649896895,214
3.0,all,radial_expansion_proxy_global_mean,speed_mean,spearman,0.12691924926238404,214
3.0,all,radial_expansion_proxy_global_mean,speed_mean,pearson,0.061174844584843804,214
3.0,all,radial_expansion_proxy_global_mean,bmag_mean,spearman,-0.1763205721721852,214
3.0,all,radial_expansion_proxy_global_mean,bmag_mean,pearson,-0.09372641699269887,214
3.0,all,radial_expansion_proxy_global_mean,density_mean,spearman,-0.12941889546363158,214
3.0,all,radial_expansion_proxy_global_mean,density_mean,pearson,-0.06776495375912711,214
3.0,all,radial_expansion_proxy_global_mean,pdyn_mean,spearman,-0.09694830578778037,214
3.0,all,radial_expansion_proxy_global_mean,pdyn_mean,pearson,0.017662033399274198,214
3.0,all,radial_expansion_proxy_global_mean,ma_mean,spearman,0.13932366203305468,214
3.0,all,radial_expansion_proxy_global_mean,ma_mean,pearson,0.1147760943169425,214
3.0,2281,expansion_speed_proxy_equator_mean,speed_mean,spearman,-0.20180180180180182,36
3.0,2281,expansion_speed_proxy_equator_mean,bmag_mean,spearman,0.21713108996632016,36
3.0,2281,expansion_speed_proxy_midlat_mean,speed_mean,spearman,-0.03680823680823681,36
3.0,2281,expansion_speed_proxy_midlat_mean,bmag_mean,spearman,0.2253684282934361,36
3.0,2281,expansion_speed_proxy_global_mean,speed_mean,spearman,-0.13487773487773488,36
3.0,2281,expansion_speed_proxy_global_mean,bmag_mean,spearman,0.23437801708871905,36
3.0,2281,radial_expansion_proxy_equator_mean,speed_mean,spearman,0.18584298584298584,36
3.0,2281,radial_expansion_proxy_equator_mean,bmag_mean,spearman,-0.2485359423384495,36
3.0,2281,radial_expansion_proxy_midlat_mean,speed_mean,spearman,0.02908622908622909,36
3.0,2281,radial_expansion_proxy_midlat_mean,bmag_mean,spearman,-0.23991247877725003,36
3.0,2281,radial_expansion_proxy_global_mean,speed_mean,spearman,0.09703989703989704,36
3.0,2281,radial_expansion_proxy_global_mean,bmag_mean,spearman,-0.21069566939826093,36
3.0,2283,expansion_speed_proxy_equator_mean,speed_mean,spearman,-0.16344916344916346,36
3.0,2283,expansion_speed_proxy_equator_mean,bmag_mean,spearman,0.14002574002574003,36
3.0,2283,expansion_speed_proxy_midlat_mean,speed_mean,spearman,-0.2607464607464608,36
3.0,2283,expansion_speed_proxy_midlat_mean,bmag_mean,spearman,0.26666666666666666,36
3.0,2283,expansion_speed_proxy_global_mean,speed_mean,spearman,-0.2810810810810811,36
3.0,2283,expansion_speed_proxy_global_mean,bmag_mean,spearman,0.35933075933075936,36
3.0,2283,radial_expansion_proxy_equator_mean,speed_mean,spearman,0.1505791505791506,36
3.0,2283,radial_expansion_proxy_equator_mean,bmag_mean,spearman,-0.14131274131274132,36
3.0,2283,radial_expansion_proxy_midlat_mean,speed_mean,spearman,0.15855855855855858,36
3.0,2283,radial_expansion_proxy_midlat_mean,bmag_mean,spearman,-0.2563706563706564,36
3.0,2283,radial_expansion_proxy_global_mean,speed_mean,spearman,0.2617760617760618,36
3.0,2283,radial_expansion_proxy_global_mean,bmag_mean,spearman,-0.3590733590733591,36
3.0,2284,expansion_speed_proxy_equator_mean,speed_mean,spearman,0.04993564993564994,36
3.0,2284,expansion_speed_proxy_equator_mean,bmag_mean,spearman,0.41209781209781216,36
3.0,2284,expansion_speed_proxy_midlat_mean,speed_mean,spearman,0.2602316602316603,36
3.0,2284,expansion_speed_proxy_midlat_mean,bmag_mean,spearman,0.5335907335907336,36
3.0,2284,expansion_speed_proxy_global_mean,speed_mean,spearman,0.06357786357786357,36
3.0,2284,expansion_speed_proxy_global_mean,bmag_mean,spearman,0.3701415701415702,36
3.0,2284,radial_expansion_proxy_equator_mean,speed_mean,spearman,-0.02882882882882883,36
3.0,2284,radial_expansion_proxy_equator_mean,bmag_mean,spearman,-0.36653796653796655,36
3.0,2284,radial_expansion_proxy_midlat_mean,speed_mean,spearman,-0.26692406692406695,36
3.0,2284,radial_expansion_proxy_midlat_mean,bmag_mean,spearman,-0.49909909909909916,36
3.0,2284,radial_expansion_proxy_global_mean,speed_mean,spearman,-0.04092664092664093,36
3.0,2284,radial_expansion_proxy_global_mean,bmag_mean,spearman,-0.3523809523809524,36
3.0,2286,expansion_speed_proxy_equator_mean,speed_mean,spearman,-0.1893300731123041,36
3.0,2286,expansion_speed_proxy_equator_mean,bmag_mean,spearman,0.3652509652509653,36
3.0,2286,expansion_speed_proxy_midlat_mean,speed_mean,spearman,0.02007851217234496,36
3.0,2286,expansion_speed_proxy_midlat_mean,bmag_mean,spearman,0.29369369369369375,36
3.0,2286,expansion_speed_proxy_global_mean,speed_mean,spearman,-0.3525323387182875,36
3.0,2286,expansion_speed_proxy_global_mean,bmag_mean,spearman,0.2453024453024453,36
3.0,2286,radial_expansion_proxy_equator_mean,speed_mean,spearman,0.2181607572572097,36
3.0,2286,radial_expansion_proxy_equator_mean,bmag_mean,spearman,-0.3987129987129987,36
3.0,2286,radial_expansion_proxy_midlat_mean,speed_mean,spearman,-0.011969882256590264,36
3.0,2286,radial_expansion_proxy_midlat_mean,bmag_mean,spearman,-0.2756756756756757,36
3.0,2286,radial_expansion_proxy_global_mean,speed_mean,spearman,0.3647596377976002,36
3.0,2286,radial_expansion_proxy_global_mean,bmag_mean,spearman,-0.24864864864864866,36
3.0,2287,expansion_speed_proxy_equator_mean,speed_mean,spearman,-0.2436974789915966,34
3.0,2287,expansion_speed_proxy_equator_mean,bmag_mean,spearman,-0.062490450725744835,34
3.0,2287,expansion_speed_proxy_midlat_mean,speed_mean,spearman,-0.29564553093964857,34
3.0,2287,expansion_speed_proxy_midlat_mean,bmag_mean,spearman,-0.19327731092436973,34
3.0,2287,expansion_speed_proxy_global_mean,speed_mean,spearman,-0.21772345301757062,34
3.0,2287,expansion_speed_proxy_global_mean,bmag_mean,spearman,0.0294881588999236,34
3.0,2287,radial_expansion_proxy_equator_mean,speed_mean,spearman,0.23666921313980135,34
3.0,2287,radial_expansion_proxy_equator_mean,bmag_mean,spearman,0.02062643239113827,34
3.0,2287,radial_expansion_proxy_midlat_mean,speed_mean,spearman,0.2855614973262032,34
3.0,2287,radial_expansion_proxy_midlat_mean,bmag_mean,spearman,0.18624904507257448,34
3.0,2287,radial_expansion_proxy_global_mean,speed_mean,spearman,0.21191749427043544,34
3.0,2287,radial_expansion_proxy_global_mean,bmag_mean,spearman,-0.036516424751718866,34
3.0,2290,expansion_speed_proxy_equator_mean,speed_mean,spearman,0.09420849420849423,36
3.0,2290,expansion_speed_proxy_equator_mean,bmag_mean,spearman,0.09214929214929216,36
3.0,2290,expansion_speed_proxy_midlat_mean,speed_mean,spearman,-0.3891891891891892,36
3.0,2290,expansion_speed_proxy_midlat_mean,bmag_mean,spearman,0.146975546975547,36
3.0,2290,expansion_speed_proxy_global_mean,speed_mean,spearman,-0.1462033462033462,36
3.0,2290,expansion_speed_proxy_global_mean,bmag_mean,spearman,0.16911196911196916,36
3.0,2290,radial_expansion_proxy_equator_mean,speed_mean,spearman,-0.10115830115830116,36
3.0,2290,radial_expansion_proxy_equator_mean,bmag_mean,spearman,-0.09343629343629345,36
3.0,2290,radial_expansion_proxy_midlat_mean,speed_mean,spearman,0.37915057915057915,36
3.0,2290,radial_expansion_proxy_midlat_mean,bmag_mean,spearman,-0.16447876447876447,36
3.0,2290,radial_expansion_proxy_global_mean,speed_mean,spearman,0.1505791505791506,36
3.0,2290,radial_expansion_proxy_global_mean,bmag_mean,spearman,-0.16370656370656372,36
